{"cameraMode":{"drawMode":0,"name":"Shaded","section":"Shading Mode"},"sceneLighting":true,"audioPlay":false,"sceneViewState":{"showFog":true,"showMaterialUpdate":false,"showSkybox":true,"showFlares":true,"showImageEffects":true,"showParticleSystems":true},"in2DMode":false,"pivot":{"x":-5.811821460723877,"y":-2.300624370574951,"z":3.9853408336639406},"rotation":{"x":0.14149734377861024,"y":-0.10669980198144913,"z":0.0153360515832901,"w":0.9840620756149292},"size":25.44658660888672,"orthographic":false}